Run,Assay Type,AvgSpotLen,Bases,BioProject,BioSample,BioSampleModel,Bytes,Cage,Center Name,Collection_Date,Consent,DATASTORE filetype,DATASTORE provider,DATASTORE region,Day,Dilution,env_broad_scale,env_local_scale,env_medium,Experiment,geo_loc_name_country,geo_loc_name_country_continent,geo_loc_name,Host_diet,host_genotype,HOST,host_tissue_sampled,Instrument,lat_lon,Library Name,LibraryLayout,LibrarySelection,LibrarySource,mouse,Organism,Platform,ReleaseDate,replicate,create_date,version,Sample Name,SRA Study
SRR10217991,AMPLICON,602,73822658,PRJNA575097,SAMN12877694,"MIMS.me,MIGS/MIMS/MIMARKS.host-associated",53252118,5,CALIFORNIA INSTITUTE OF TECHNOLOGY,2019-01-23,public,"fastq,run.zq,sra","gs,ncbi,s3","gs.us-east1,ncbi.public,s3.us-east-1",10,0,Laboratory,not applicable,not applicable,SRX6937763,USA,North America,USA,Control,Swiss Webster,Mus musculus,Cecum Contents,Illumina MiSeq,not applicable,SA21931,PAIRED,PCR,METAGENOMIC,1,metagenome,ILLUMINA,2019-10-03T00:00:00Z,not applicable,2019-10-02T13:54:00Z,1,M5NP_CC,SRP223986
SRR10217992,AMPLICON,602,28254870,PRJNA575097,SAMN12877693,"MIMS.me,MIGS/MIMS/MIMARKS.host-associated",20055556,5,CALIFORNIA INSTITUTE OF TECHNOLOGY,2019-01-23,public,"fastq,run.zq,sra","gs,ncbi,s3","gs.us-east1,ncbi.public,s3.us-east-1",10,0,Laboratory,not applicable,not applicable,SRX6937762,USA,North America,USA,Control,Swiss Webster,Mus musculus,Lower Small Intestine Contents,Illumina MiSeq,not applicable,SA21930,PAIRED,PCR,METAGENOMIC,1,metagenome,ILLUMINA,2019-10-03T00:00:00Z,not applicable,2019-10-02T13:54:00Z,1,M5NP_LSI-C,SRP223986
SRR10217993,AMPLICON,602,23338336,PRJNA575097,SAMN12877692,"MIMS.me,MIGS/MIMS/MIMARKS.host-associated",14591484,5,CALIFORNIA INSTITUTE OF TECHNOLOGY,2019-01-23,public,"fastq,run.zq,sra","gs,ncbi,s3","gs.us-east1,ncbi.public,s3.us-east-1",10,0,Laboratory,not applicable,not applicable,SRX6937761,USA,North America,USA,Control,Swiss Webster,Mus musculus,Upper Small Intestine Contents,Illumina MiSeq,not applicable,SA19278,PAIRED,PCR,METAGENOMIC,1,metagenome,ILLUMINA,2019-10-03T00:00:00Z,not applicable,2019-10-02T13:54:00Z,1,M5NP_USI-C,SRP223986
SRR10217994,AMPLICON,602,129956750,PRJNA575097,SAMN12877691,"MIMS.me,MIGS/MIMS/MIMARKS.host-associated",93441386,5,CALIFORNIA INSTITUTE OF TECHNOLOGY,2019-01-23,public,"fastq,run.zq,sra","gs,ncbi,s3","gs.us-east1,ncbi.public,s3.us-east-1",10,0,Laboratory,not applicable,not applicable,SRX6937760,USA,North America,USA,Control,Swiss Webster,Mus musculus,Stomach Contents,Illumina MiSeq,not applicable,SA21929,PAIRED,PCR,METAGENOMIC,1,metagenome,ILLUMINA,2019-10-03T00:00:00Z,not applicable,2019-10-02T13:54:00Z,1,M5NP_SC,SRP223986
SRR10217995,AMPLICON,602,144662406,PRJNA575097,SAMN12877690,"MIMS.me,MIGS/MIMS/MIMARKS.host-associated",104673906,4,CALIFORNIA INSTITUTE OF TECHNOLOGY,2019-01-23,public,"fastq,run.zq,sra","gs,ncbi,s3","gs.us-east1,ncbi.public,s3.us-east-1",10,0,Laboratory,not applicable,not applicable,SRX6937759,USA,North America,USA,Control,Swiss Webster,Mus musculus,Large Intestine Mucosa,Illumina MiSeq,not applicable,SA21928,PAIRED,PCR,METAGENOMIC,2,metagenome,ILLUMINA,2019-10-03T00:00:00Z,not applicable,2019-10-02T13:54:00Z,1,M4P_LI-S,SRP223986
SRR10217996,AMPLICON,602,70539952,PRJNA575097,SAMN12877689,"MIMS.me,MIGS/MIMS/MIMARKS.host-associated",49948659,4,CALIFORNIA INSTITUTE OF TECHNOLOGY,2019-01-23,public,"fastq,run.zq,sra","gs,ncbi,s3","gs.us-east1,ncbi.public,s3.us-east-1",10,0,Laboratory,not applicable,not applicable,SRX6937758,USA,North America,USA,Control,Swiss Webster,Mus musculus,Lower Small Intestine Mucosa,Illumina MiSeq,not applicable,SA21926,PAIRED,PCR,METAGENOMIC,2,metagenome,ILLUMINA,2019-10-03T00:00:00Z,not applicable,2019-10-02T13:54:00Z,1,M4P_LSI-S,SRP223986
SRR10217997,AMPLICON,602,220525844,PRJNA575097,SAMN12877688,"MIMS.me,MIGS/MIMS/MIMARKS.host-associated",156854286,4,CALIFORNIA INSTITUTE OF TECHNOLOGY,2019-01-23,public,"fastq,run.zq,sra","gs,ncbi,s3","gs.us-east1,ncbi.public,s3.us-east-1",10,0,Laboratory,not applicable,not applicable,SRX6937757,USA,North America,USA,Control,Swiss Webster,Mus musculus,Upper Small Intestine Mucosa,Illumina MiSeq,not applicable,SA21924,PAIRED,PCR,METAGENOMIC,2,metagenome,ILLUMINA,2019-10-04T00:00:00Z,not applicable,2019-10-02T13:54:00Z,1,M4P_USI-S,SRP223986
SRR10217998,AMPLICON,602,157007018,PRJNA575097,SAMN12877687,"MIMS.me,MIGS/MIMS/MIMARKS.host-associated",112348738,4,CALIFORNIA INSTITUTE OF TECHNOLOGY,2019-01-23,public,"fastq,run.zq,sra","gs,ncbi,s3","gs.us-east1,ncbi.public,s3.us-east-1",10,0,Laboratory,not applicable,not applicable,SRX6937756,USA,North America,USA,Control,Swiss Webster,Mus musculus,Cecum Contents,Illumina MiSeq,not applicable,SA21923,PAIRED,PCR,METAGENOMIC,2,metagenome,ILLUMINA,2019-10-03T00:00:00Z,not applicable,2019-10-02T13:54:00Z,1,M4P_CC,SRP223986
SRR10217999,AMPLICON,602,93240168,PRJNA575097,SAMN12877686,"MIMS.me,MIGS/MIMS/MIMARKS.host-associated",66209652,4,CALIFORNIA INSTITUTE OF TECHNOLOGY,2019-01-23,public,"fastq,run.zq,sra","gs,ncbi,s3","gs.us-east1,ncbi.public,s3.us-east-1",10,0,Laboratory,not applicable,not applicable,SRX6937755,USA,North America,USA,Control,Swiss Webster,Mus musculus,Lower Small Intestine Contents,Illumina MiSeq,not applicable,SA21922,PAIRED,PCR,METAGENOMIC,2,metagenome,ILLUMINA,2019-10-03T00:00:00Z,not applicable,2019-10-02T13:54:00Z,1,M4P_LSI-C,SRP223986
SRR10218000,AMPLICON,602,87559696,PRJNA575097,SAMN12877685,"MIMS.me,MIGS/MIMS/MIMARKS.host-associated",62079411,4,CALIFORNIA INSTITUTE OF TECHNOLOGY,2019-01-23,public,"fastq,run.zq,sra","gs,ncbi,s3","gs.us-east1,ncbi.public,s3.us-east-1",10,0,Laboratory,not applicable,not applicable,SRX6937754,USA,North America,USA,Control,Swiss Webster,Mus musculus,Upper Small Intestine Contents,Illumina MiSeq,not applicable,SA21921,PAIRED,PCR,METAGENOMIC,2,metagenome,ILLUMINA,2019-10-04T00:00:00Z,not applicable,2019-10-02T13:54:00Z,1,M4P_USI-C,SRP223986
SRR10218001,AMPLICON,602,21707518,PRJNA575097,SAMN12877604,"MIMS.me,MIGS/MIMS/MIMARKS.host-associated",13641554,not applicable,CALIFORNIA INSTITUTE OF TECHNOLOGY,2019-01-23,public,"fastq,run.zq,sra","gs,ncbi,s3","gs.us-east1,ncbi.public,s3.us-east-1",not applicable,100000,Laboratory,not applicable,not applicable,SRX6937753,USA,North America,USA,Autoclaved Chow,GF C57BL/6J,Mus musculus,Stool,Illumina MiSeq,not applicable,SA19257,PAIRED,PCR,METAGENOMIC,not applicable,metagenome,ILLUMINA,2019-10-03T00:00:00Z,not applicable,2019-10-02T13:54:00Z,1,GF_SI_Stool_100000X,SRP223986
SRR10218002,AMPLICON,602,75934474,PRJNA575097,SAMN12877684,"MIMS.me,MIGS/MIMS/MIMARKS.host-associated",53991170,4,CALIFORNIA INSTITUTE OF TECHNOLOGY,2019-01-23,public,"fastq,run.zq,sra","gs,ncbi,s3","gs.us-east1,ncbi.public,s3.us-east-1",10,0,Laboratory,not applicable,not applicable,SRX6937752,USA,North America,USA,Control,Swiss Webster,Mus musculus,Stomach Contents,Illumina MiSeq,not applicable,SA21920,PAIRED,PCR,METAGENOMIC,2,metagenome,ILLUMINA,2019-10-03T00:00:00Z,not applicable,2019-10-02T13:54:00Z,1,M4P_SC,SRP223986
SRR10218003,AMPLICON,602,142087050,PRJNA575097,SAMN12877683,"MIMS.me,MIGS/MIMS/MIMARKS.host-associated",101571518,3,CALIFORNIA INSTITUTE OF TECHNOLOGY,2019-01-23,public,"fastq,run.zq,sra","gs,ncbi,s3","gs.us-east1,ncbi.public,s3.us-east-1",10,0,Laboratory,not applicable,not applicable,SRX6937751,USA,North America,USA,Ketogenic,Swiss Webster,Mus musculus,Large Intestine Mucosa,Illumina MiSeq,not applicable,SA21919,PAIRED,PCR,METAGENOMIC,1,metagenome,ILLUMINA,2019-10-03T00:00:00Z,not applicable,2019-10-02T13:54:00Z,1,M3NP_LI-S,SRP223986
SRR10218004,AMPLICON,602,166791324,PRJNA575097,SAMN12877682,"MIMS.me,MIGS/MIMS/MIMARKS.host-associated",118430534,3,CALIFORNIA INSTITUTE OF TECHNOLOGY,2019-01-23,public,"fastq,run.zq,sra","gs,ncbi,s3","gs.us-east1,ncbi.public,s3.us-east-1",10,0,Laboratory,not applicable,not applicable,SRX6937750,USA,North America,USA,Ketogenic,Swiss Webster,Mus musculus,Lower Small Intestine Mucosa,Illumina MiSeq,not applicable,SA21918,PAIRED,PCR,METAGENOMIC,1,metagenome,ILLUMINA,2019-10-03T00:00:00Z,not applicable,2019-10-02T13:54:00Z,1,M3NP_LSI-S,SRP223986
SRR10218005,AMPLICON,602,171115490,PRJNA575097,SAMN12877681,"MIMS.me,MIGS/MIMS/MIMARKS.host-associated",120796886,3,CALIFORNIA INSTITUTE OF TECHNOLOGY,2019-01-23,public,"fastq,run.zq,sra","gs,ncbi,s3","gs.us-east1,ncbi.public,s3.us-east-1",10,0,Laboratory,not applicable,not applicable,SRX6937749,USA,North America,USA,Ketogenic,Swiss Webster,Mus musculus,Upper Small Intestine Mucosa,Illumina MiSeq,not applicable,SA21916,PAIRED,PCR,METAGENOMIC,1,metagenome,ILLUMINA,2019-10-03T00:00:00Z,not applicable,2019-10-02T13:54:00Z,1,M3NP_USI-S,SRP223986
SRR10218006,AMPLICON,602,70002968,PRJNA575097,SAMN12877680,"MIMS.me,MIGS/MIMS/MIMARKS.host-associated",50577233,3,CALIFORNIA INSTITUTE OF TECHNOLOGY,2019-01-23,public,"fastq,run.zq,sra","gs,ncbi,s3","gs.us-east1,ncbi.public,s3.us-east-1",10,0,Laboratory,not applicable,not applicable,SRX6937748,USA,North America,USA,Ketogenic,Swiss Webster,Mus musculus,Cecum Contents,Illumina MiSeq,not applicable,SA21915,PAIRED,PCR,METAGENOMIC,1,metagenome,ILLUMINA,2019-10-03T00:00:00Z,not applicable,2019-10-02T13:54:00Z,1,M3NP_CC,SRP223986
SRR10218007,AMPLICON,602,53561144,PRJNA575097,SAMN12877679,"MIMS.me,MIGS/MIMS/MIMARKS.host-associated",38172225,3,CALIFORNIA INSTITUTE OF TECHNOLOGY,2019-01-23,public,"fastq,run.zq,sra","gs,ncbi,s3","gs.us-east1,ncbi.public,s3.us-east-1",10,0,Laboratory,not applicable,not applicable,SRX6937747,USA,North America,USA,Ketogenic,Swiss Webster,Mus musculus,Lower Small Intestine Contents,Illumina MiSeq,not applicable,SA21914,PAIRED,PCR,METAGENOMIC,1,metagenome,ILLUMINA,2019-10-03T00:00:00Z,not applicable,2019-10-02T13:54:00Z,1,M3NP_LSI-C,SRP223986
SRR10218008,AMPLICON,602,267307866,PRJNA575097,SAMN12877678,"MIMS.me,MIGS/MIMS/MIMARKS.host-associated",191593340,3,CALIFORNIA INSTITUTE OF TECHNOLOGY,2019-01-23,public,"fastq,run.zq,sra","gs,ncbi,s3","gs.us-east1,ncbi.public,s3.us-east-1",10,0,Laboratory,not applicable,not applicable,SRX6937746,USA,North America,USA,Ketogenic,Swiss Webster,Mus musculus,Upper Small Intestine Contents,Illumina MiSeq,not applicable,SA21913,PAIRED,PCR,METAGENOMIC,1,metagenome,ILLUMINA,2019-10-03T00:00:00Z,not applicable,2019-10-02T13:54:00Z,1,M3NP_USI-C,SRP223986
SRR10218009,AMPLICON,602,61464200,PRJNA575097,SAMN12877677,"MIMS.me,MIGS/MIMS/MIMARKS.host-associated",43978478,3,CALIFORNIA INSTITUTE OF TECHNOLOGY,2019-01-23,public,"fastq,run.zq,sra","gs,ncbi,s3","gs.us-east1,ncbi.public,s3.us-east-1",10,0,Laboratory,not applicable,not applicable,SRX6937745,USA,North America,USA,Ketogenic,Swiss Webster,Mus musculus,Stomach Contents,Illumina MiSeq,not applicable,SA21912,PAIRED,PCR,METAGENOMIC,1,metagenome,ILLUMINA,2019-10-03T00:00:00Z,not applicable,2019-10-02T13:54:00Z,1,M3NP_SC,SRP223986
SRR10218010,AMPLICON,602,62594154,PRJNA575097,SAMN12877676,"MIMS.me,MIGS/MIMS/MIMARKS.host-associated",45047850,2,CALIFORNIA INSTITUTE OF TECHNOLOGY,2019-01-23,public,"fastq,run.zq,sra","gs,ncbi,s3","gs.us-east1,ncbi.public,s3.us-east-1",10,0,Laboratory,not applicable,not applicable,SRX6937744,USA,North America,USA,Ketogenic,Swiss Webster,Mus musculus,Large Intestine Mucosa,Illumina MiSeq,not applicable,SA21910,PAIRED,PCR,METAGENOMIC,1,metagenome,ILLUMINA,2019-10-03T00:00:00Z,not applicable,2019-10-02T13:54:00Z,1,M2NP_LI-S,SRP223986
SRR10218011,AMPLICON,602,102897452,PRJNA575097,SAMN12877675,"MIMS.me,MIGS/MIMS/MIMARKS.host-associated",74002402,2,CALIFORNIA INSTITUTE OF TECHNOLOGY,2019-01-23,public,"fastq,run.zq,sra","gs,ncbi,s3","gs.us-east1,ncbi.public,s3.us-east-1",10,0,Laboratory,not applicable,not applicable,SRX6937743,USA,North America,USA,Ketogenic,Swiss Webster,Mus musculus,Lower Small Intestine Mucosa,Illumina MiSeq,not applicable,SA21909,PAIRED,PCR,METAGENOMIC,1,metagenome,ILLUMINA,2019-10-03T00:00:00Z,not applicable,2019-10-02T13:54:00Z,1,M2NP_LSI-S,SRP223986
SRR10218012,AMPLICON,602,25017314,PRJNA575097,SAMN12877603,"MIMS.me,MIGS/MIMS/MIMARKS.host-associated",15569192,not applicable,CALIFORNIA INSTITUTE OF TECHNOLOGY,2019-01-23,public,"fastq,run.zq,sra","gs,ncbi,s3","gs.us-east1,ncbi.public,s3.us-east-1",not applicable,1000,Laboratory,not applicable,not applicable,SRX6937742,USA,North America,USA,Autoclaved Chow,GF C57BL/6J,Mus musculus,Stool,Illumina MiSeq,not applicable,SA19256,PAIRED,PCR,METAGENOMIC,not applicable,metagenome,ILLUMINA,2019-10-03T00:00:00Z,not applicable,2019-10-02T13:54:00Z,1,GF_SI_Stool_1000X,SRP223986
SRR10218013,AMPLICON,602,116279912,PRJNA575097,SAMN12877674,"MIMS.me,MIGS/MIMS/MIMARKS.host-associated",84018416,2,CALIFORNIA INSTITUTE OF TECHNOLOGY,2019-01-23,public,"fastq,run.zq,sra","gs,ncbi,s3","gs.us-east1,ncbi.public,s3.us-east-1",10,0,Laboratory,not applicable,not applicable,SRX6937741,USA,North America,USA,Ketogenic,Swiss Webster,Mus musculus,Upper Small Intestine Mucosa,Illumina MiSeq,not applicable,SA21907,PAIRED,PCR,METAGENOMIC,1,metagenome,ILLUMINA,2019-10-03T00:00:00Z,not applicable,2019-10-02T13:54:00Z,1,M2NP_USI-S,SRP223986
SRR10218014,AMPLICON,602,113115198,PRJNA575097,SAMN12877673,"MIMS.me,MIGS/MIMS/MIMARKS.host-associated",81811083,2,CALIFORNIA INSTITUTE OF TECHNOLOGY,2019-01-23,public,"fastq,run.zq,sra","gs,ncbi,s3","gs.us-east1,ncbi.public,s3.us-east-1",10,0,Laboratory,not applicable,not applicable,SRX6937740,USA,North America,USA,Ketogenic,Swiss Webster,Mus musculus,Cecum Contents,Illumina MiSeq,not applicable,SA21906,PAIRED,PCR,METAGENOMIC,1,metagenome,ILLUMINA,2019-10-03T00:00:00Z,not applicable,2019-10-02T13:54:00Z,1,M2NP_CC,SRP223986
SRR10218015,AMPLICON,602,31101728,PRJNA575097,SAMN12877672,"MIMS.me,MIGS/MIMS/MIMARKS.host-associated",22436883,2,CALIFORNIA INSTITUTE OF TECHNOLOGY,2019-01-23,public,"fastq,run.zq,sra","gs,ncbi,s3","gs.us-east1,ncbi.public,s3.us-east-1",10,0,Laboratory,not applicable,not applicable,SRX6937739,USA,North America,USA,Ketogenic,Swiss Webster,Mus musculus,Lower Small Intestine Contents,Illumina MiSeq,not applicable,SA21905,PAIRED,PCR,METAGENOMIC,1,metagenome,ILLUMINA,2019-10-03T00:00:00Z,not applicable,2019-10-02T13:54:00Z,1,M2NP_LSI-C,SRP223986
SRR10218016,AMPLICON,602,85571290,PRJNA575097,SAMN12877671,"MIMS.me,MIGS/MIMS/MIMARKS.host-associated",61504200,2,CALIFORNIA INSTITUTE OF TECHNOLOGY,2019-01-23,public,"fastq,run.zq,sra","gs,ncbi,s3","gs.us-east1,ncbi.public,s3.us-east-1",10,0,Laboratory,not applicable,not applicable,SRX6937738,USA,North America,USA,Ketogenic,Swiss Webster,Mus musculus,Upper Small Intestine Contents,Illumina MiSeq,not applicable,SA21904,PAIRED,PCR,METAGENOMIC,1,metagenome,ILLUMINA,2019-10-03T00:00:00Z,not applicable,2019-10-02T13:54:00Z,1,M2NP_USI-C,SRP223986
SRR10218017,AMPLICON,602,77041552,PRJNA575097,SAMN12877670,"MIMS.me,MIGS/MIMS/MIMARKS.host-associated",55196267,2,CALIFORNIA INSTITUTE OF TECHNOLOGY,2019-01-23,public,"fastq,run.zq,sra","gs,ncbi,s3","gs.us-east1,ncbi.public,s3.us-east-1",10,0,Laboratory,not applicable,not applicable,SRX6937737,USA,North America,USA,Ketogenic,Swiss Webster,Mus musculus,Stomach Contents,Illumina MiSeq,not applicable,SA21903,PAIRED,PCR,METAGENOMIC,1,metagenome,ILLUMINA,2019-10-03T00:00:00Z,not applicable,2019-10-02T13:54:00Z,1,M2NP_SC,SRP223986
SRR10218018,AMPLICON,602,27375950,PRJNA575097,SAMN12877669,"MIMS.me,MIGS/MIMS/MIMARKS.host-associated",17589698,1,CALIFORNIA INSTITUTE OF TECHNOLOGY,2019-01-23,public,"fastq,run.zq,sra","gs,ncbi,s3","gs.us-east1,ncbi.public,s3.us-east-1",10,0,Laboratory,not applicable,not applicable,SRX6937736,USA,North America,USA,Ketogenic,Swiss Webster,Mus musculus,Large Intestine Mucosa,Illumina MiSeq,not applicable,SA19304,PAIRED,PCR,METAGENOMIC,1,metagenome,ILLUMINA,2019-10-03T00:00:00Z,not applicable,2019-10-02T13:54:00Z,1,M1NP_LI-S,SRP223986
SRR10218019,AMPLICON,602,22512994,PRJNA575097,SAMN12877668,"MIMS.me,MIGS/MIMS/MIMARKS.host-associated",14309046,1,CALIFORNIA INSTITUTE OF TECHNOLOGY,2019-01-23,public,"fastq,run.zq,sra","gs,ncbi,s3","gs.us-east1,ncbi.public,s3.us-east-1",10,0,Laboratory,not applicable,not applicable,SRX6937735,USA,North America,USA,Ketogenic,Swiss Webster,Mus musculus,Lower Small Intestine Mucosa,Illumina MiSeq,not applicable,SA19301,PAIRED,PCR,METAGENOMIC,1,metagenome,ILLUMINA,2019-10-03T00:00:00Z,not applicable,2019-10-02T13:54:00Z,1,M1NP_LSI-S,SRP223986
SRR10218020,AMPLICON,602,24308760,PRJNA575097,SAMN12877667,"MIMS.me,MIGS/MIMS/MIMARKS.host-associated",15258484,1,CALIFORNIA INSTITUTE OF TECHNOLOGY,2019-01-23,public,"fastq,run.zq,sra","gs,ncbi,s3","gs.us-east1,ncbi.public,s3.us-east-1",10,0,Laboratory,not applicable,not applicable,SRX6937734,USA,North America,USA,Ketogenic,Swiss Webster,Mus musculus,Upper Small Intestine Mucosa,Illumina MiSeq,not applicable,SA19269,PAIRED,PCR,METAGENOMIC,1,metagenome,ILLUMINA,2019-10-04T00:00:00Z,not applicable,2019-10-02T13:54:00Z,1,M1NP_USI-S,SRP223986
SRR10218021,AMPLICON,602,25008886,PRJNA575097,SAMN12877666,"MIMS.me,MIGS/MIMS/MIMARKS.host-associated",15969605,1,CALIFORNIA INSTITUTE OF TECHNOLOGY,2019-01-23,public,"fastq,run.zq,sra","gs,ncbi,s3","gs.us-east1,ncbi.public,s3.us-east-1",10,0,Laboratory,not applicable,not applicable,SRX6937733,USA,North America,USA,Ketogenic,Swiss Webster,Mus musculus,Cecum Contents,Illumina MiSeq,not applicable,SA19303,PAIRED,PCR,METAGENOMIC,1,metagenome,ILLUMINA,2019-10-03T00:00:00Z,not applicable,2019-10-02T13:54:00Z,1,M1NP_CC,SRP223986
SRR10218022,AMPLICON,602,22068718,PRJNA575097,SAMN12877665,"MIMS.me,MIGS/MIMS/MIMARKS.host-associated",14034394,1,CALIFORNIA INSTITUTE OF TECHNOLOGY,2019-01-23,public,"fastq,run.zq,sra","gs,ncbi,s3","gs.us-east1,ncbi.public,s3.us-east-1",10,0,Laboratory,not applicable,not applicable,SRX6937732,USA,North America,USA,Ketogenic,Swiss Webster,Mus musculus,Lower Small Intestine Contents,Illumina MiSeq,not applicable,SA19302,PAIRED,PCR,METAGENOMIC,1,metagenome,ILLUMINA,2019-10-03T00:00:00Z,not applicable,2019-10-02T13:54:00Z,1,M1NP_LSI-C,SRP223986
SRR10218023,AMPLICON,602,32405058,PRJNA575097,SAMN12877602,"MIMS.me,MIGS/MIMS/MIMARKS.host-associated",22347586,not applicable,CALIFORNIA INSTITUTE OF TECHNOLOGY,2019-01-23,public,"fastq,run.zq,sra","gs,ncbi,s3","gs.us-east1,ncbi.public,s3.us-east-1",not applicable,0,Laboratory,not applicable,not applicable,SRX6937731,USA,North America,USA,Autoclaved Chow,GF C57BL/6J,Mus musculus,small intestinal mucosa,Illumina MiSeq,not applicable,SA19255,PAIRED,PCR,METAGENOMIC,not applicable,metagenome,ILLUMINA,2019-10-03T00:00:00Z,not applicable,2019-10-02T13:54:00Z,1,GF_SI-S_Cntrl,SRP223986
SRR10218024,AMPLICON,602,19974962,PRJNA575097,SAMN12877664,"MIMS.me,MIGS/MIMS/MIMARKS.host-associated",12610354,1,CALIFORNIA INSTITUTE OF TECHNOLOGY,2019-01-23,public,"fastq,run.zq,sra","gs,ncbi,s3","gs.us-east1,ncbi.public,s3.us-east-1",10,0,Laboratory,not applicable,not applicable,SRX6937730,USA,North America,USA,Ketogenic,Swiss Webster,Mus musculus,Upper Small Intestine Contents,Illumina MiSeq,not applicable,SA19273,PAIRED,PCR,METAGENOMIC,1,metagenome,ILLUMINA,2019-10-03T00:00:00Z,not applicable,2019-10-02T13:54:00Z,1,M1NP_USI-C,SRP223986
SRR10218025,AMPLICON,602,21937482,PRJNA575097,SAMN12877663,"MIMS.me,MIGS/MIMS/MIMARKS.host-associated",13751696,1,CALIFORNIA INSTITUTE OF TECHNOLOGY,2019-01-23,public,"fastq,run.zq,sra","gs,ncbi,s3","gs.us-east1,ncbi.public,s3.us-east-1",10,0,Laboratory,not applicable,not applicable,SRX6937729,USA,North America,USA,Ketogenic,Swiss Webster,Mus musculus,Stomach Contents,Illumina MiSeq,not applicable,SA19300,PAIRED,PCR,METAGENOMIC,1,metagenome,ILLUMINA,2019-10-03T00:00:00Z,not applicable,2019-10-02T13:54:00Z,1,M1NP_SC,SRP223986
SRR10218026,AMPLICON,602,90050772,PRJNA575097,SAMN12877662,"MIMS.me,MIGS/MIMS/MIMARKS.host-associated",64855900,6,CALIFORNIA INSTITUTE OF TECHNOLOGY,2019-01-23,public,"fastq,run.zq,sra","gs,ncbi,s3","gs.us-east1,ncbi.public,s3.us-east-1",10,0,Laboratory,not applicable,not applicable,SRX6937728,USA,North America,USA,Control,Swiss Webster,Mus musculus,Stool,Illumina MiSeq,not applicable,SA21902,PAIRED,PCR,METAGENOMIC,2,metagenome,ILLUMINA,2019-10-03T00:00:00Z,not applicable,2019-10-02T13:54:00Z,1,M6P_D10_Stool,SRP223986
SRR10218027,AMPLICON,602,75601568,PRJNA575097,SAMN12877661,"MIMS.me,MIGS/MIMS/MIMARKS.host-associated",54005380,6,CALIFORNIA INSTITUTE OF TECHNOLOGY,2019-01-23,public,"fastq,run.zq,sra","gs,ncbi,s3","gs.us-east1,ncbi.public,s3.us-east-1",10,0,Laboratory,not applicable,not applicable,SRX6937727,USA,North America,USA,Control,Swiss Webster,Mus musculus,Stool,Illumina MiSeq,not applicable,SA21901,PAIRED,PCR,METAGENOMIC,1,metagenome,ILLUMINA,2019-10-03T00:00:00Z,not applicable,2019-10-02T13:54:00Z,1,M6NP_D10_Stool,SRP223986
SRR10218028,AMPLICON,602,104775090,PRJNA575097,SAMN12877660,"MIMS.me,MIGS/MIMS/MIMARKS.host-associated",75207421,5,CALIFORNIA INSTITUTE OF TECHNOLOGY,2019-01-23,public,"fastq,run.zq,sra","gs,ncbi,s3","gs.us-east1,ncbi.public,s3.us-east-1",10,0,Laboratory,not applicable,not applicable,SRX6937726,USA,North America,USA,Control,Swiss Webster,Mus musculus,Stool,Illumina MiSeq,not applicable,SA21900,PAIRED,PCR,METAGENOMIC,2,metagenome,ILLUMINA,2019-10-03T00:00:00Z,not applicable,2019-10-02T13:54:00Z,1,M5P_D10_Stool,SRP223986
SRR10218029,AMPLICON,602,90763540,PRJNA575097,SAMN12877659,"MIMS.me,MIGS/MIMS/MIMARKS.host-associated",65150037,5,CALIFORNIA INSTITUTE OF TECHNOLOGY,2019-01-23,public,"fastq,run.zq,sra","gs,ncbi,s3","gs.us-east1,ncbi.public,s3.us-east-1",10,0,Laboratory,not applicable,not applicable,SRX6937725,USA,North America,USA,Control,Swiss Webster,Mus musculus,Stool,Illumina MiSeq,not applicable,SA21899,PAIRED,PCR,METAGENOMIC,1,metagenome,ILLUMINA,2019-10-03T00:00:00Z,not applicable,2019-10-02T13:54:00Z,1,M5NP_D10_Stool,SRP223986
SRR10218030,AMPLICON,602,52626238,PRJNA575097,SAMN12877658,"MIMS.me,MIGS/MIMS/MIMARKS.host-associated",37539612,4,CALIFORNIA INSTITUTE OF TECHNOLOGY,2019-01-23,public,"fastq,run.zq,sra","gs,ncbi,s3","gs.us-east1,ncbi.public,s3.us-east-1",10,0,Laboratory,not applicable,not applicable,SRX6937724,USA,North America,USA,Control,Swiss Webster,Mus musculus,Stool,Illumina MiSeq,not applicable,SA21898,PAIRED,PCR,METAGENOMIC,2,metagenome,ILLUMINA,2019-10-03T00:00:00Z,not applicable,2019-10-02T13:54:00Z,1,M4P_D10_Stool,SRP223986
SRR10218031,AMPLICON,602,113979068,PRJNA575097,SAMN12877657,"MIMS.me,MIGS/MIMS/MIMARKS.host-associated",81261314,4,CALIFORNIA INSTITUTE OF TECHNOLOGY,2019-01-23,public,"fastq,run.zq,sra","gs,ncbi,s3","gs.us-east1,ncbi.public,s3.us-east-1",10,0,Laboratory,not applicable,not applicable,SRX6937723,USA,North America,USA,Control,Swiss Webster,Mus musculus,Stool,Illumina MiSeq,not applicable,SA21897,PAIRED,PCR,METAGENOMIC,1,metagenome,ILLUMINA,2019-10-03T00:00:00Z,not applicable,2019-10-02T13:55:00Z,1,M4NP_D10_Stool,SRP223986
SRR10218032,AMPLICON,602,60819458,PRJNA575097,SAMN12877656,"MIMS.me,MIGS/MIMS/MIMARKS.host-associated",43628704,3,CALIFORNIA INSTITUTE OF TECHNOLOGY,2019-01-23,public,"fastq,run.zq,sra","gs,ncbi,s3","gs.us-east1,ncbi.public,s3.us-east-1",10,0,Laboratory,not applicable,not applicable,SRX6937722,USA,North America,USA,Ketogenic,Swiss Webster,Mus musculus,Stool,Illumina MiSeq,not applicable,SA21896,PAIRED,PCR,METAGENOMIC,2,metagenome,ILLUMINA,2019-10-03T00:00:00Z,not applicable,2019-10-02T13:54:00Z,1,M3P_D10_Stool,SRP223986
SRR10218033,AMPLICON,602,78115520,PRJNA575097,SAMN12877655,"MIMS.me,MIGS/MIMS/MIMARKS.host-associated",56161890,3,CALIFORNIA INSTITUTE OF TECHNOLOGY,2019-01-23,public,"fastq,run.zq,sra","gs,ncbi,s3","gs.us-east1,ncbi.public,s3.us-east-1",10,0,Laboratory,not applicable,not applicable,SRX6937721,USA,North America,USA,Ketogenic,Swiss Webster,Mus musculus,Stool,Illumina MiSeq,not applicable,SA21895,PAIRED,PCR,METAGENOMIC,1,metagenome,ILLUMINA,2019-10-03T00:00:00Z,not applicable,2019-10-02T13:54:00Z,1,M3NP_D10_Stool,SRP223986
SRR10218034,AMPLICON,602,22044638,PRJNA575097,SAMN12877601,"MIMS.me,MIGS/MIMS/MIMARKS.host-associated",14078426,not applicable,CALIFORNIA INSTITUTE OF TECHNOLOGY,2019-01-23,public,"fastq,run.zq,sra","gs,ncbi,s3","gs.us-east1,ncbi.public,s3.us-east-1",not applicable,100000,Laboratory,not applicable,not applicable,SRX6937720,USA,North America,USA,Autoclaved Chow,GF C57BL/6J,not applicable,small intestinal mucosa,Illumina MiSeq,not applicable,SA19254,PAIRED,PCR,METAGENOMIC,not applicable,metagenome,ILLUMINA,2019-10-03T00:00:00Z,not applicable,2019-10-02T13:54:00Z,1,GF_SI-S_100000X,SRP223986
SRR10218035,AMPLICON,602,66572772,PRJNA575097,SAMN12877654,"MIMS.me,MIGS/MIMS/MIMARKS.host-associated",48122292,2,CALIFORNIA INSTITUTE OF TECHNOLOGY,2019-01-23,public,"fastq,run.zq,sra","gs,ncbi,s3","gs.us-east1,ncbi.public,s3.us-east-1",10,0,Laboratory,not applicable,not applicable,SRX6937719,USA,North America,USA,Ketogenic,Swiss Webster,Mus musculus,Stool,Illumina MiSeq,not applicable,SA21894,PAIRED,PCR,METAGENOMIC,2,metagenome,ILLUMINA,2019-10-03T00:00:00Z,not applicable,2019-10-02T13:54:00Z,1,M2P_D10_Stool,SRP223986
SRR10218036,AMPLICON,602,281469314,PRJNA575097,SAMN12877653,"MIMS.me,MIGS/MIMS/MIMARKS.host-associated",202608443,2,CALIFORNIA INSTITUTE OF TECHNOLOGY,2019-01-23,public,"fastq,run.zq,sra","gs,ncbi,s3","gs.us-east1,ncbi.public,s3.us-east-1",10,0,Laboratory,not applicable,not applicable,SRX6937718,USA,North America,USA,Ketogenic,Swiss Webster,Mus musculus,Stool,Illumina MiSeq,not applicable,SA21893,PAIRED,PCR,METAGENOMIC,1,metagenome,ILLUMINA,2019-10-03T00:00:00Z,not applicable,2019-10-02T13:55:00Z,1,M2NP_D10_Stool,SRP223986
SRR10218037,AMPLICON,602,111764310,PRJNA575097,SAMN12877652,"MIMS.me,MIGS/MIMS/MIMARKS.host-associated",80277356,1,CALIFORNIA INSTITUTE OF TECHNOLOGY,2019-01-23,public,"fastq,run.zq,sra","gs,ncbi,s3","gs.us-east1,ncbi.public,s3.us-east-1",10,0,Laboratory,not applicable,not applicable,SRX6937717,USA,North America,USA,Ketogenic,Swiss Webster,Mus musculus,Stool,Illumina MiSeq,not applicable,SA21892,PAIRED,PCR,METAGENOMIC,2,metagenome,ILLUMINA,2019-10-03T00:00:00Z,not applicable,2019-10-02T13:54:00Z,1,M1P_D10_Stool,SRP223986
SRR10218038,AMPLICON,602,27540296,PRJNA575097,SAMN12877651,"MIMS.me,MIGS/MIMS/MIMARKS.host-associated",17423708,1,CALIFORNIA INSTITUTE OF TECHNOLOGY,2019-01-23,public,"fastq,run.zq,sra","gs,ncbi,s3","gs.us-east1,ncbi.public,s3.us-east-1",10,0,Laboratory,not applicable,not applicable,SRX6937716,USA,North America,USA,Ketogenic,Swiss Webster,Mus musculus,Stool,Illumina MiSeq,not applicable,SA19305,PAIRED,PCR,METAGENOMIC,1,metagenome,ILLUMINA,2019-10-03T00:00:00Z,not applicable,2019-10-02T13:54:00Z,1,M1NP_D10_Stool,SRP223986
SRR10218039,AMPLICON,602,130703230,PRJNA575097,SAMN12877650,"MIMS.me,MIGS/MIMS/MIMARKS.host-associated",94690177,6,CALIFORNIA INSTITUTE OF TECHNOLOGY,2019-01-23,public,"fastq,run.zq,sra","gs,ncbi,s3","gs.us-east1,ncbi.public,s3.us-east-1",7,0,Laboratory,not applicable,not applicable,SRX6937715,USA,North America,USA,Control,Swiss Webster,Mus musculus,Stool,Illumina MiSeq,not applicable,SA21891,PAIRED,PCR,METAGENOMIC,2,metagenome,ILLUMINA,2019-10-03T00:00:00Z,not applicable,2019-10-02T13:55:00Z,1,M6P_D7_Stool,SRP223986
SRR10218040,AMPLICON,602,91833896,PRJNA575097,SAMN12877649,"MIMS.me,MIGS/MIMS/MIMARKS.host-associated",65804671,6,CALIFORNIA INSTITUTE OF TECHNOLOGY,2019-01-23,public,"fastq,run.zq,sra","gs,ncbi,s3","gs.us-east1,ncbi.public,s3.us-east-1",7,0,Laboratory,not applicable,not applicable,SRX6937714,USA,North America,USA,Control,Swiss Webster,Mus musculus,Stool,Illumina MiSeq,not applicable,SA21890,PAIRED,PCR,METAGENOMIC,1,metagenome,ILLUMINA,2019-10-03T00:00:00Z,not applicable,2019-10-02T13:55:00Z,1,M6NP_D7_Stool,SRP223986
SRR10218041,AMPLICON,602,60235518,PRJNA575097,SAMN12877648,"MIMS.me,MIGS/MIMS/MIMARKS.host-associated",43540388,5,CALIFORNIA INSTITUTE OF TECHNOLOGY,2019-01-23,public,"fastq,run.zq,sra","gs,ncbi,s3","gs.us-east1,ncbi.public,s3.us-east-1",7,0,Laboratory,not applicable,not applicable,SRX6937713,USA,North America,USA,Control,Swiss Webster,Mus musculus,Stool,Illumina MiSeq,not applicable,SA21889,PAIRED,PCR,METAGENOMIC,2,metagenome,ILLUMINA,2019-10-03T00:00:00Z,not applicable,2019-10-02T13:54:00Z,1,M5P_D7_Stool,SRP223986
SRR10218042,AMPLICON,602,72884140,PRJNA575097,SAMN12877647,"MIMS.me,MIGS/MIMS/MIMARKS.host-associated",52647595,5,CALIFORNIA INSTITUTE OF TECHNOLOGY,2019-01-23,public,"fastq,run.zq,sra","gs,ncbi,s3","gs.us-east1,ncbi.public,s3.us-east-1",7,0,Laboratory,not applicable,not applicable,SRX6937712,USA,North America,USA,Control,Swiss Webster,Mus musculus,Stool,Illumina MiSeq,not applicable,SA21888,PAIRED,PCR,METAGENOMIC,1,metagenome,ILLUMINA,2019-10-03T00:00:00Z,not applicable,2019-10-02T13:55:00Z,1,M5NP_D7_Stool,SRP223986
SRR10218043,AMPLICON,602,56215362,PRJNA575097,SAMN12877646,"MIMS.me,MIGS/MIMS/MIMARKS.host-associated",40267577,4,CALIFORNIA INSTITUTE OF TECHNOLOGY,2019-01-23,public,"fastq,run.zq,sra","gs,ncbi,s3","gs.us-east1,ncbi.public,s3.us-east-1",7,0,Laboratory,not applicable,not applicable,SRX6937711,USA,North America,USA,Control,Swiss Webster,Mus musculus,Stool,Illumina MiSeq,not applicable,SA21887,PAIRED,PCR,METAGENOMIC,2,metagenome,ILLUMINA,2019-10-03T00:00:00Z,not applicable,2019-10-02T13:54:00Z,1,M4P_D7_Stool,SRP223986
SRR10218044,AMPLICON,602,111751066,PRJNA575097,SAMN12877645,"MIMS.me,MIGS/MIMS/MIMARKS.host-associated",80223751,4,CALIFORNIA INSTITUTE OF TECHNOLOGY,2019-01-23,public,"fastq,run.zq,sra","gs,ncbi,s3","gs.us-east1,ncbi.public,s3.us-east-1",7,0,Laboratory,not applicable,not applicable,SRX6937710,USA,North America,USA,Control,Swiss Webster,Mus musculus,Stool,Illumina MiSeq,not applicable,SA21886,PAIRED,PCR,METAGENOMIC,1,metagenome,ILLUMINA,2019-10-03T00:00:00Z,not applicable,2019-10-02T13:55:00Z,1,M4NP_D7_Stool,SRP223986
SRR10218045,AMPLICON,602,35305494,PRJNA575097,SAMN12877600,"MIMS.me,MIGS/MIMS/MIMARKS.host-associated",22122818,not applicable,CALIFORNIA INSTITUTE OF TECHNOLOGY,2019-01-23,public,"fastq,run.zq,sra","gs,ncbi,s3","gs.us-east1,ncbi.public,s3.us-east-1",not applicable,1000,Laboratory,not applicable,not applicable,SRX6937709,USA,North America,USA,Autoclaved Chow,GF C57BL/6J,not applicable,small intestinal mucosa,Illumina MiSeq,not applicable,SA19253,PAIRED,PCR,METAGENOMIC,not applicable,metagenome,ILLUMINA,2019-10-03T00:00:00Z,not applicable,2019-10-02T13:54:00Z,1,GF_SI-S_1000X,SRP223986
SRR10218046,AMPLICON,602,36046556,PRJNA575097,SAMN12877644,"MIMS.me,MIGS/MIMS/MIMARKS.host-associated",26006482,3,CALIFORNIA INSTITUTE OF TECHNOLOGY,2019-01-23,public,"fastq,run.zq,sra","gs,ncbi,s3","gs.us-east1,ncbi.public,s3.us-east-1",7,0,Laboratory,not applicable,not applicable,SRX6937708,USA,North America,USA,Ketogenic,Swiss Webster,Mus musculus,Stool,Illumina MiSeq,not applicable,SA21885,PAIRED,PCR,METAGENOMIC,2,metagenome,ILLUMINA,2019-10-03T00:00:00Z,not applicable,2019-10-02T13:55:00Z,1,M3P_D7_Stool,SRP223986
SRR10218047,AMPLICON,602,139363602,PRJNA575097,SAMN12877643,"MIMS.me,MIGS/MIMS/MIMARKS.host-associated",100564566,3,CALIFORNIA INSTITUTE OF TECHNOLOGY,2019-01-23,public,"fastq,run.zq,sra","gs,ncbi,s3","gs.us-east1,ncbi.public,s3.us-east-1",7,0,Laboratory,not applicable,not applicable,SRX6937707,USA,North America,USA,Ketogenic,Swiss Webster,Mus musculus,Stool,Illumina MiSeq,not applicable,SA21884,PAIRED,PCR,METAGENOMIC,1,metagenome,ILLUMINA,2019-10-03T00:00:00Z,not applicable,2019-10-02T13:55:00Z,1,M3NP_D7_Stool,SRP223986
SRR10218048,AMPLICON,602,65059344,PRJNA575097,SAMN12877642,"MIMS.me,MIGS/MIMS/MIMARKS.host-associated",47330645,2,CALIFORNIA INSTITUTE OF TECHNOLOGY,2019-01-23,public,"fastq,run.zq,sra","gs,ncbi,s3","gs.us-east1,ncbi.public,s3.us-east-1",7,0,Laboratory,not applicable,not applicable,SRX6937706,USA,North America,USA,Ketogenic,Swiss Webster,Mus musculus,Stool,Illumina MiSeq,not applicable,SA21883,PAIRED,PCR,METAGENOMIC,2,metagenome,ILLUMINA,2019-10-03T00:00:00Z,not applicable,2019-10-02T13:55:00Z,1,M2P_D7_Stool,SRP223986
SRR10218049,AMPLICON,602,49460320,PRJNA575097,SAMN12877641,"MIMS.me,MIGS/MIMS/MIMARKS.host-associated",35808351,2,CALIFORNIA INSTITUTE OF TECHNOLOGY,2019-01-23,public,"fastq,run.zq,sra","gs,ncbi,s3","gs.us-east1,ncbi.public,s3.us-east-1",7,0,Laboratory,not applicable,not applicable,SRX6937705,USA,North America,USA,Ketogenic,Swiss Webster,Mus musculus,Stool,Illumina MiSeq,not applicable,SA21882,PAIRED,PCR,METAGENOMIC,1,metagenome,ILLUMINA,2019-10-03T00:00:00Z,not applicable,2019-10-02T13:55:00Z,1,M2NP_D7_Stool,SRP223986
SRR10218050,AMPLICON,602,61665268,PRJNA575097,SAMN12877640,"MIMS.me,MIGS/MIMS/MIMARKS.host-associated",44778138,1,CALIFORNIA INSTITUTE OF TECHNOLOGY,2019-01-23,public,"fastq,run.zq,sra","gs,ncbi,s3","gs.us-east1,ncbi.public,s3.us-east-1",7,0,Laboratory,not applicable,not applicable,SRX6937704,USA,North America,USA,Ketogenic,Swiss Webster,Mus musculus,Stool,Illumina MiSeq,not applicable,SA21881,PAIRED,PCR,METAGENOMIC,2,metagenome,ILLUMINA,2019-10-03T00:00:00Z,not applicable,2019-10-02T13:55:00Z,1,M1P_D7_Stool,SRP223986
SRR10218051,AMPLICON,602,52472126,PRJNA575097,SAMN12877639,"MIMS.me,MIGS/MIMS/MIMARKS.host-associated",37615106,1,CALIFORNIA INSTITUTE OF TECHNOLOGY,2019-01-23,public,"fastq,run.zq,sra","gs,ncbi,s3","gs.us-east1,ncbi.public,s3.us-east-1",7,0,Laboratory,not applicable,not applicable,SRX6937703,USA,North America,USA,Ketogenic,Swiss Webster,Mus musculus,Stool,Illumina MiSeq,not applicable,SA21880,PAIRED,PCR,METAGENOMIC,1,metagenome,ILLUMINA,2019-10-03T00:00:00Z,not applicable,2019-10-02T13:55:00Z,1,M1NP_D7_Stool,SRP223986
SRR10218052,AMPLICON,602,108638124,PRJNA575097,SAMN12877638,"MIMS.me,MIGS/MIMS/MIMARKS.host-associated",78204580,6,CALIFORNIA INSTITUTE OF TECHNOLOGY,2019-01-23,public,"fastq,run.zq,sra","gs,ncbi,s3","gs.us-east1,ncbi.public,s3.us-east-1",4,0,Laboratory,not applicable,not applicable,SRX6937702,USA,North America,USA,Control,Swiss Webster,Mus musculus,Stool,Illumina MiSeq,not applicable,SA21879,PAIRED,PCR,METAGENOMIC,1,metagenome,ILLUMINA,2019-10-03T00:00:00Z,not applicable,2019-10-02T13:55:00Z,1,M6NP_D4_Stool,SRP223986
SRR10218053,AMPLICON,602,81391604,PRJNA575097,SAMN12877637,"MIMS.me,MIGS/MIMS/MIMARKS.host-associated",58756811,5,CALIFORNIA INSTITUTE OF TECHNOLOGY,2019-01-23,public,"fastq,run.zq,sra","gs,ncbi,s3","gs.us-east1,ncbi.public,s3.us-east-1",4,0,Laboratory,not applicable,not applicable,SRX6937701,USA,North America,USA,Control,Swiss Webster,Mus musculus,Stool,Illumina MiSeq,not applicable,SA21878,PAIRED,PCR,METAGENOMIC,2,metagenome,ILLUMINA,2019-10-03T00:00:00Z,not applicable,2019-10-02T13:55:00Z,1,M5P_D4_Stool,SRP223986
SRR10218054,AMPLICON,602,94064908,PRJNA575097,SAMN12877636,"MIMS.me,MIGS/MIMS/MIMARKS.host-associated",68708791,5,CALIFORNIA INSTITUTE OF TECHNOLOGY,2019-01-23,public,"fastq,run.zq,sra","gs,ncbi,s3","gs.us-east1,ncbi.public,s3.us-east-1",4,0,Laboratory,not applicable,not applicable,SRX6937700,USA,North America,USA,Control,Swiss Webster,Mus musculus,Stool,Illumina MiSeq,not applicable,SA21877,PAIRED,PCR,METAGENOMIC,1,metagenome,ILLUMINA,2019-10-03T00:00:00Z,not applicable,2019-10-02T13:55:00Z,1,M5NP_D4_Stool,SRP223986
SRR10218055,AMPLICON,602,50138172,PRJNA575097,SAMN12877635,"MIMS.me,MIGS/MIMS/MIMARKS.host-associated",36437753,4,CALIFORNIA INSTITUTE OF TECHNOLOGY,2019-01-23,public,"fastq,run.zq,sra","gs,ncbi,s3","gs.us-east1,ncbi.public,s3.us-east-1",4,0,Laboratory,not applicable,not applicable,SRX6937699,USA,North America,USA,Control,Swiss Webster,Mus musculus,Stool,Illumina MiSeq,not applicable,SA21876,PAIRED,PCR,METAGENOMIC,2,metagenome,ILLUMINA,2019-10-03T00:00:00Z,not applicable,2019-10-02T13:55:00Z,1,M4P_D4_Stool,SRP223986
SRR10218056,AMPLICON,602,23958998,PRJNA575097,SAMN12877599,"MIMS.me,MIGS/MIMS/MIMARKS.host-associated",15041560,not applicable,CALIFORNIA INSTITUTE OF TECHNOLOGY,2019-01-23,public,"fastq,run.zq,sra","gs,ncbi,s3","gs.us-east1,ncbi.public,s3.us-east-1",not applicable,10,Laboratory,not applicable,not applicable,SRX6937698,USA,North America,USA,Autoclaved Chow,GF C57BL/6J,not applicable,small intestinal mucosa,Illumina MiSeq,not applicable,SA19252,PAIRED,PCR,METAGENOMIC,not applicable,metagenome,ILLUMINA,2019-10-03T00:00:00Z,not applicable,2019-10-02T13:55:00Z,1,GF_SI-S_10X,SRP223986
SRR10218057,AMPLICON,602,127580054,PRJNA575097,SAMN12877634,"MIMS.me,MIGS/MIMS/MIMARKS.host-associated",92234589,4,CALIFORNIA INSTITUTE OF TECHNOLOGY,2019-01-23,public,"fastq,run.zq,sra","gs,ncbi,s3","gs.us-east1,ncbi.public,s3.us-east-1",4,0,Laboratory,not applicable,not applicable,SRX6937697,USA,North America,USA,Control,Swiss Webster,Mus musculus,Stool,Illumina MiSeq,not applicable,SA21875,PAIRED,PCR,METAGENOMIC,1,metagenome,ILLUMINA,2019-10-03T00:00:00Z,not applicable,2019-10-02T13:55:00Z,1,M4NP_D4_Stool,SRP223986
SRR10218058,AMPLICON,602,108671836,PRJNA575097,SAMN12877633,"MIMS.me,MIGS/MIMS/MIMARKS.host-associated",78633086,3,CALIFORNIA INSTITUTE OF TECHNOLOGY,2019-01-23,public,"fastq,run.zq,sra","gs,ncbi,s3","gs.us-east1,ncbi.public,s3.us-east-1",4,0,Laboratory,not applicable,not applicable,SRX6937696,USA,North America,USA,Ketogenic,Swiss Webster,Mus musculus,Stool,Illumina MiSeq,not applicable,SA21874,PAIRED,PCR,METAGENOMIC,2,metagenome,ILLUMINA,2019-10-03T00:00:00Z,not applicable,2019-10-02T13:55:00Z,1,M3P_D4_Stool,SRP223986
SRR10218059,AMPLICON,602,133444136,PRJNA575097,SAMN12877632,"MIMS.me,MIGS/MIMS/MIMARKS.host-associated",96643173,3,CALIFORNIA INSTITUTE OF TECHNOLOGY,2019-01-23,public,"fastq,run.zq,sra","gs,ncbi,s3","gs.us-east1,ncbi.public,s3.us-east-1",4,0,Laboratory,not applicable,not applicable,SRX6937695,USA,North America,USA,Ketogenic,Swiss Webster,Mus musculus,Stool,Illumina MiSeq,not applicable,SA21873,PAIRED,PCR,METAGENOMIC,1,metagenome,ILLUMINA,2019-10-03T00:00:00Z,not applicable,2019-10-02T13:55:00Z,1,M3NP_D4_Stool,SRP223986
SRR10218060,AMPLICON,602,67556440,PRJNA575097,SAMN12877631,"MIMS.me,MIGS/MIMS/MIMARKS.host-associated",49406922,2,CALIFORNIA INSTITUTE OF TECHNOLOGY,2019-01-23,public,"fastq,run.zq,sra","gs,ncbi,s3","gs.us-east1,ncbi.public,s3.us-east-1",4,0,Laboratory,not applicable,not applicable,SRX6937694,USA,North America,USA,Ketogenic,Swiss Webster,Mus musculus,Stool,Illumina MiSeq,not applicable,SA21872,PAIRED,PCR,METAGENOMIC,2,metagenome,ILLUMINA,2019-10-03T00:00:00Z,not applicable,2019-10-02T13:55:00Z,1,M2P_D4_Stool,SRP223986
SRR10218061,AMPLICON,602,52939880,PRJNA575097,SAMN12877630,"MIMS.me,MIGS/MIMS/MIMARKS.host-associated",38581765,2,CALIFORNIA INSTITUTE OF TECHNOLOGY,2019-01-23,public,"fastq,run.zq,sra","gs,ncbi,s3","gs.us-east1,ncbi.public,s3.us-east-1",4,0,Laboratory,not applicable,not applicable,SRX6937693,USA,North America,USA,Ketogenic,Swiss Webster,Mus musculus,Stool,Illumina MiSeq,not applicable,SA21871,PAIRED,PCR,METAGENOMIC,1,metagenome,ILLUMINA,2019-10-03T00:00:00Z,not applicable,2019-10-02T13:55:00Z,1,M2NP_D4_Stool,SRP223986
SRR10218062,AMPLICON,602,60088630,PRJNA575097,SAMN12877629,"MIMS.me,MIGS/MIMS/MIMARKS.host-associated",43446095,1,CALIFORNIA INSTITUTE OF TECHNOLOGY,2019-01-23,public,"fastq,run.zq,sra","gs,ncbi,s3","gs.us-east1,ncbi.public,s3.us-east-1",4,0,Laboratory,not applicable,not applicable,SRX6937692,USA,North America,USA,Ketogenic,Swiss Webster,Mus musculus,Stool,Illumina MiSeq,not applicable,SA21870,PAIRED,PCR,METAGENOMIC,2,metagenome,ILLUMINA,2019-10-03T00:00:00Z,not applicable,2019-10-02T13:55:00Z,1,M1P_D4_Stool,SRP223986
SRR10218063,AMPLICON,602,60801398,PRJNA575097,SAMN12877628,"MIMS.me,MIGS/MIMS/MIMARKS.host-associated",43789807,1,CALIFORNIA INSTITUTE OF TECHNOLOGY,2019-01-23,public,"fastq,run.zq,sra","gs,ncbi,s3","gs.us-east1,ncbi.public,s3.us-east-1",4,0,Laboratory,not applicable,not applicable,SRX6937691,USA,North America,USA,Ketogenic,Swiss Webster,Mus musculus,Stool,Illumina MiSeq,not applicable,SA21869,PAIRED,PCR,METAGENOMIC,1,metagenome,ILLUMINA,2019-10-03T00:00:00Z,not applicable,2019-10-02T13:55:00Z,1,M1NP_D4_Stool,SRP223986
SRR10218064,AMPLICON,602,89496932,PRJNA575097,SAMN12877627,"MIMS.me,MIGS/MIMS/MIMARKS.host-associated",64794464,6,CALIFORNIA INSTITUTE OF TECHNOLOGY,2019-01-23,public,"fastq,run.zq,sra","gs,ncbi,s3","gs.us-east1,ncbi.public,s3.us-east-1",0,0,Laboratory,not applicable,not applicable,SRX6937690,USA,North America,USA,Control,Swiss Webster,Mus musculus,Stool,Illumina MiSeq,not applicable,SA21868,PAIRED,PCR,METAGENOMIC,1,metagenome,ILLUMINA,2019-10-03T00:00:00Z,not applicable,2019-10-02T13:55:00Z,1,M6NP_D0_Stool,SRP223986
SRR10218065,AMPLICON,602,69601434,PRJNA575097,SAMN12877626,"MIMS.me,MIGS/MIMS/MIMARKS.host-associated",50515377,5,CALIFORNIA INSTITUTE OF TECHNOLOGY,2019-01-23,public,"fastq,run.zq,sra","gs,ncbi,s3","gs.us-east1,ncbi.public,s3.us-east-1",0,0,Laboratory,not applicable,not applicable,SRX6937689,USA,North America,USA,Control,Swiss Webster,Mus musculus,Stool,Illumina MiSeq,not applicable,SA21867,PAIRED,PCR,METAGENOMIC,2,metagenome,ILLUMINA,2019-10-03T00:00:00Z,not applicable,2019-10-02T13:55:00Z,1,M5P_D0_Stool,SRP223986
SRR10218066,AMPLICON,602,70597142,PRJNA575097,SAMN12877625,"MIMS.me,MIGS/MIMS/MIMARKS.host-associated",51209019,5,CALIFORNIA INSTITUTE OF TECHNOLOGY,2019-01-23,public,"fastq,run.zq,sra","gs,ncbi,s3","gs.us-east1,ncbi.public,s3.us-east-1",0,0,Laboratory,not applicable,not applicable,SRX6937688,USA,North America,USA,Control,Swiss Webster,Mus musculus,Stool,Illumina MiSeq,not applicable,SA21866,PAIRED,PCR,METAGENOMIC,1,metagenome,ILLUMINA,2019-10-03T00:00:00Z,not applicable,2019-10-02T13:55:00Z,1,M5NP_D0_Stool,SRP223986
SRR10218067,AMPLICON,602,22168048,PRJNA575097,SAMN12877598,"MIMS.me,MIGS/MIMS/MIMARKS.host-associated",16301503,not applicable,CALIFORNIA INSTITUTE OF TECHNOLOGY,2019-01-23,public,"fastq,run.zq,sra","gs,ncbi,s3","gs.us-east1,ncbi.public,s3.us-east-1",not applicable,0,Laboratory,not applicable,not applicable,SRX6937687,USA,North America,USA,not applicable,not applicable,not applicable,not applicable,Illumina MiSeq,not applicable,SA19251,PAIRED,PCR,METAGENOMIC,not applicable,metagenome,ILLUMINA,2019-10-03T00:00:00Z,not applicable,2019-10-02T13:55:00Z,1,Buffer_Cntrl,SRP223986
SRR10218068,AMPLICON,602,62895756,PRJNA575097,SAMN12877624,"MIMS.me,MIGS/MIMS/MIMARKS.host-associated",45676490,4,CALIFORNIA INSTITUTE OF TECHNOLOGY,2019-01-23,public,"fastq,run.zq,sra","gs,ncbi,s3","gs.us-east1,ncbi.public,s3.us-east-1",0,0,Laboratory,not applicable,not applicable,SRX6937686,USA,North America,USA,Control,Swiss Webster,Mus musculus,Stool,Illumina MiSeq,not applicable,SA21865,PAIRED,PCR,METAGENOMIC,2,metagenome,ILLUMINA,2019-10-03T00:00:00Z,not applicable,2019-10-02T13:55:00Z,1,M4P_D0_Stool,SRP223986
SRR10218069,AMPLICON,602,68050080,PRJNA575097,SAMN12877623,"MIMS.me,MIGS/MIMS/MIMARKS.host-associated",49310285,4,CALIFORNIA INSTITUTE OF TECHNOLOGY,2019-01-23,public,"fastq,run.zq,sra","gs,ncbi,s3","gs.us-east1,ncbi.public,s3.us-east-1",0,0,Laboratory,not applicable,not applicable,SRX6937685,USA,North America,USA,Control,Swiss Webster,Mus musculus,Stool,Illumina MiSeq,not applicable,SA21864,PAIRED,PCR,METAGENOMIC,1,metagenome,ILLUMINA,2019-10-03T00:00:00Z,not applicable,2019-10-02T13:55:00Z,1,M4NP_D0_Stool,SRP223986
SRR10218070,AMPLICON,602,86701244,PRJNA575097,SAMN12877622,"MIMS.me,MIGS/MIMS/MIMARKS.host-associated",62675000,3,CALIFORNIA INSTITUTE OF TECHNOLOGY,2019-01-23,public,"fastq,run.zq,sra","gs,ncbi,s3","gs.us-east1,ncbi.public,s3.us-east-1",0,0,Laboratory,not applicable,not applicable,SRX6937684,USA,North America,USA,Ketogenic,Swiss Webster,Mus musculus,Stool,Illumina MiSeq,not applicable,SA21863,PAIRED,PCR,METAGENOMIC,2,metagenome,ILLUMINA,2019-10-03T00:00:00Z,not applicable,2019-10-02T13:55:00Z,1,M3P_D0_Stool,SRP223986
SRR10218071,AMPLICON,602,80041318,PRJNA575097,SAMN12877621,"MIMS.me,MIGS/MIMS/MIMARKS.host-associated",58080198,3,CALIFORNIA INSTITUTE OF TECHNOLOGY,2019-01-23,public,"fastq,run.zq,sra","gs,ncbi,s3","gs.us-east1,ncbi.public,s3.us-east-1",0,0,Laboratory,not applicable,not applicable,SRX6937683,USA,North America,USA,Ketogenic,Swiss Webster,Mus musculus,Stool,Illumina MiSeq,not applicable,SA21862,PAIRED,PCR,METAGENOMIC,1,metagenome,ILLUMINA,2019-10-03T00:00:00Z,not applicable,2019-10-02T13:55:00Z,1,M3NP_D0_Stool,SRP223986
SRR10218072,AMPLICON,602,76895266,PRJNA575097,SAMN12877620,"MIMS.me,MIGS/MIMS/MIMARKS.host-associated",55871404,2,CALIFORNIA INSTITUTE OF TECHNOLOGY,2019-01-23,public,"fastq,run.zq,sra","gs,ncbi,s3","gs.us-east1,ncbi.public,s3.us-east-1",0,0,Laboratory,not applicable,not applicable,SRX6937682,USA,North America,USA,Ketogenic,Swiss Webster,Mus musculus,Stool,Illumina MiSeq,not applicable,SA21861,PAIRED,PCR,METAGENOMIC,2,metagenome,ILLUMINA,2019-10-03T00:00:00Z,not applicable,2019-10-02T13:55:00Z,1,M2P_D0_Stool,SRP223986
SRR10218073,AMPLICON,602,50055698,PRJNA575097,SAMN12877619,"MIMS.me,MIGS/MIMS/MIMARKS.host-associated",36300518,2,CALIFORNIA INSTITUTE OF TECHNOLOGY,2019-01-23,public,"fastq,run.zq,sra","gs,ncbi,s3","gs.us-east1,ncbi.public,s3.us-east-1",0,0,Laboratory,not applicable,not applicable,SRX6937681,USA,North America,USA,Ketogenic,Swiss Webster,Mus musculus,Stool,Illumina MiSeq,not applicable,SA21860,PAIRED,PCR,METAGENOMIC,1,metagenome,ILLUMINA,2019-10-03T00:00:00Z,not applicable,2019-10-02T13:55:00Z,1,M2NP_D0_Stool,SRP223986
SRR10218074,AMPLICON,602,71766828,PRJNA575097,SAMN12877618,"MIMS.me,MIGS/MIMS/MIMARKS.host-associated",51742835,1,CALIFORNIA INSTITUTE OF TECHNOLOGY,2019-01-23,public,"fastq,run.zq,sra","gs,ncbi,s3","gs.us-east1,ncbi.public,s3.us-east-1",0,0,Laboratory,not applicable,not applicable,SRX6937680,USA,North America,USA,Ketogenic,Swiss Webster,Mus musculus,Stool,Illumina MiSeq,not applicable,SA21859,PAIRED,PCR,METAGENOMIC,2,metagenome,ILLUMINA,2019-10-03T00:00:00Z,not applicable,2019-10-02T13:55:00Z,1,M1P_D0_Stool,SRP223986
SRR10218075,AMPLICON,602,72298394,PRJNA575097,SAMN12877617,"MIMS.me,MIGS/MIMS/MIMARKS.host-associated",52857411,1,CALIFORNIA INSTITUTE OF TECHNOLOGY,2019-01-23,public,"fastq,run.zq,sra","gs,ncbi,s3","gs.us-east1,ncbi.public,s3.us-east-1",0,0,Laboratory,not applicable,not applicable,SRX6937679,USA,North America,USA,Ketogenic,Swiss Webster,Mus musculus,Stool,Illumina MiSeq,not applicable,SA21858,PAIRED,PCR,METAGENOMIC,1,metagenome,ILLUMINA,2019-10-03T00:00:00Z,not applicable,2019-10-02T13:55:00Z,1,M1NP_D0_Stool,SRP223986
SRR10218076,AMPLICON,602,21853202,PRJNA575097,SAMN12877616,"MIMS.me,MIGS/MIMS/MIMARKS.host-associated",13892079,not applicable,CALIFORNIA INSTITUTE OF TECHNOLOGY,2019-01-23,public,"fastq,run.zq,sra","gs,ncbi,s3","gs.us-east1,ncbi.public,s3.us-east-1",not applicable,10000,Laboratory,not applicable,not applicable,SRX6937678,USA,North America,USA,Chow,Swiss Webster,Mus musculus,Cecum Contents,Illumina MiSeq,not applicable,SA19263,PAIRED,PCR,METAGENOMIC,not applicable,metagenome,ILLUMINA,2019-10-03T00:00:00Z,not applicable,2019-10-02T13:55:00Z,1,CC_SW_Chow_10000X,SRP223986
SRR10218077,AMPLICON,602,23600808,PRJNA575097,SAMN12877615,"MIMS.me,MIGS/MIMS/MIMARKS.host-associated",14910550,not applicable,CALIFORNIA INSTITUTE OF TECHNOLOGY,2019-01-23,public,"fastq,run.zq,sra","gs,ncbi,s3","gs.us-east1,ncbi.public,s3.us-east-1",not applicable,1000,Laboratory,not applicable,not applicable,SRX6937677,USA,North America,USA,Chow,Swiss Webster,Mus musculus,Cecum Contents,Illumina MiSeq,not applicable,SA19299,PAIRED,PCR,METAGENOMIC,not applicable,metagenome,ILLUMINA,2019-10-04T00:00:00Z,4,2019-10-02T13:55:00Z,1,CC_SW_Chow_1000X_4,SRP223986
SRR10218078,AMPLICON,602,24507420,PRJNA575097,SAMN12877597,"MIMS.me,MIGS/MIMS/MIMARKS.host-associated",15436752,not applicable,CALIFORNIA INSTITUTE OF TECHNOLOGY,2019-01-23,public,"fastq,run.zq,sra","gs,ncbi,s3","gs.us-east1,ncbi.public,s3.us-east-1",not applicable,100000,Laboratory,not applicable,not applicable,SRX6937676,USA,North America,USA,not applicable,not applicable,not applicable,not applicable,Illumina MiSeq,not applicable,SA19250,PAIRED,PCR,METAGENOMIC,not applicable,metagenome,ILLUMINA,2019-10-03T00:00:00Z,not applicable,2019-10-02T13:55:00Z,1,Buffer_100000X,SRP223986
SRR10218079,AMPLICON,602,23393118,PRJNA575097,SAMN12877614,"MIMS.me,MIGS/MIMS/MIMARKS.host-associated",14874730,not applicable,CALIFORNIA INSTITUTE OF TECHNOLOGY,2019-01-23,public,"fastq,run.zq,sra","gs,ncbi,s3","gs.us-east1,ncbi.public,s3.us-east-1",not applicable,1000,Laboratory,not applicable,not applicable,SRX6937675,USA,North America,USA,Chow,Swiss Webster,Mus musculus,Cecum Contents,Illumina MiSeq,not applicable,SA19298,PAIRED,PCR,METAGENOMIC,not applicable,metagenome,ILLUMINA,2019-10-03T00:00:00Z,3,2019-10-02T13:55:00Z,1,CC_SW_Chow_1000X_3,SRP223986
SRR10218080,AMPLICON,602,25459784,PRJNA575097,SAMN12877613,"MIMS.me,MIGS/MIMS/MIMARKS.host-associated",16226528,not applicable,CALIFORNIA INSTITUTE OF TECHNOLOGY,2019-01-23,public,"fastq,run.zq,sra","gs,ncbi,s3","gs.us-east1,ncbi.public,s3.us-east-1",not applicable,1000,Laboratory,not applicable,not applicable,SRX6937674,USA,North America,USA,Chow,Swiss Webster,Mus musculus,Cecum Contents,Illumina MiSeq,not applicable,SA19297,PAIRED,PCR,METAGENOMIC,not applicable,metagenome,ILLUMINA,2019-10-03T00:00:00Z,2,2019-10-02T13:55:00Z,1,CC_SW_Chow_1000X_2,SRP223986
SRR10218081,AMPLICON,602,20247668,PRJNA575097,SAMN12877612,"MIMS.me,MIGS/MIMS/MIMARKS.host-associated",12741633,not applicable,CALIFORNIA INSTITUTE OF TECHNOLOGY,2019-01-23,public,"fastq,run.zq,sra","gs,ncbi,s3","gs.us-east1,ncbi.public,s3.us-east-1",not applicable,1000,Laboratory,not applicable,not applicable,SRX6937673,USA,North America,USA,Chow,Swiss Webster,Mus musculus,Cecum Contents,Illumina MiSeq,not applicable,SA19262,PAIRED,PCR,METAGENOMIC,not applicable,metagenome,ILLUMINA,2019-10-03T00:00:00Z,1,2019-10-02T13:55:00Z,1,CC_SW_Chow_1000X_1,SRP223986
SRR10218082,AMPLICON,602,27372338,PRJNA575097,SAMN12877611,"MIMS.me,MIGS/MIMS/MIMARKS.host-associated",17380737,not applicable,CALIFORNIA INSTITUTE OF TECHNOLOGY,2019-01-23,public,"fastq,run.zq,sra","gs,ncbi,s3","gs.us-east1,ncbi.public,s3.us-east-1",not applicable,100,Laboratory,not applicable,not applicable,SRX6937672,USA,North America,USA,Chow,Swiss Webster,Mus musculus,Cecum Contents,Illumina MiSeq,not applicable,SA19261,PAIRED,PCR,METAGENOMIC,not applicable,metagenome,ILLUMINA,2019-10-03T00:00:00Z,not applicable,2019-10-02T13:55:00Z,1,CC_SW_Chow_100X,SRP223986
SRR10218083,AMPLICON,602,21450464,PRJNA575097,SAMN12877610,"MIMS.me,MIGS/MIMS/MIMARKS.host-associated",13711811,not applicable,CALIFORNIA INSTITUTE OF TECHNOLOGY,2019-01-23,public,"fastq,run.zq,sra","gs,ncbi,s3","gs.us-east1,ncbi.public,s3.us-east-1",not applicable,10,Laboratory,not applicable,not applicable,SRX6937671,USA,North America,USA,Chow,Swiss Webster,Mus musculus,Cecum Contents,Illumina MiSeq,not applicable,SA19260,PAIRED,PCR,METAGENOMIC,not applicable,metagenome,ILLUMINA,2019-10-03T00:00:00Z,not applicable,2019-10-02T13:55:00Z,1,CC_SW_Chow_10X,SRP223986
SRR10218084,AMPLICON,602,27702836,PRJNA575097,SAMN12877609,"MIMS.me,MIGS/MIMS/MIMARKS.host-associated",17681439,not applicable,CALIFORNIA INSTITUTE OF TECHNOLOGY,2019-01-23,public,"fastq,run.zq,sra","gs,ncbi,s3","gs.us-east1,ncbi.public,s3.us-east-1",not applicable,0,Laboratory,not applicable,not applicable,SRX6937670,USA,North America,USA,Chow,Swiss Webster,Mus musculus,Cecum Contents,Illumina MiSeq,not applicable,SA19296,PAIRED,PCR,METAGENOMIC,not applicable,metagenome,ILLUMINA,2019-10-03T00:00:00Z,4,2019-10-02T13:55:00Z,1,CC_SW_Chow_4,SRP223986
SRR10218085,AMPLICON,602,27176086,PRJNA575097,SAMN12877608,"MIMS.me,MIGS/MIMS/MIMARKS.host-associated",17289586,not applicable,CALIFORNIA INSTITUTE OF TECHNOLOGY,2019-01-23,public,"fastq,run.zq,sra","gs,ncbi,s3","gs.us-east1,ncbi.public,s3.us-east-1",not applicable,0,Laboratory,not applicable,not applicable,SRX6937669,USA,North America,USA,Chow,Swiss Webster,Mus musculus,Cecum Contents,Illumina MiSeq,not applicable,SA19295,PAIRED,PCR,METAGENOMIC,not applicable,metagenome,ILLUMINA,2019-10-03T00:00:00Z,3,2019-10-02T13:55:00Z,1,CC_SW_Chow_3,SRP223986
SRR10218086,AMPLICON,602,30986746,PRJNA575097,SAMN12877607,"MIMS.me,MIGS/MIMS/MIMARKS.host-associated",19733467,not applicable,CALIFORNIA INSTITUTE OF TECHNOLOGY,2019-01-23,public,"fastq,run.zq,sra","gs,ncbi,s3","gs.us-east1,ncbi.public,s3.us-east-1",not applicable,0,Laboratory,not applicable,not applicable,SRX6937668,USA,North America,USA,Chow,Swiss Webster,Mus musculus,Cecum Contents,Illumina MiSeq,not applicable,SA19294,PAIRED,PCR,METAGENOMIC,not applicable,metagenome,ILLUMINA,2019-10-03T00:00:00Z,2,2019-10-02T13:55:00Z,1,CC_SW_Chow_2,SRP223986
SRR10218087,AMPLICON,602,173040686,PRJNA575097,SAMN12877710,"MIMS.me,MIGS/MIMS/MIMARKS.host-associated",123418205,5,CALIFORNIA INSTITUTE OF TECHNOLOGY,2019-01-23,public,"fastq,run.zq,sra","gs,ncbi,s3","gs.us-east1,ncbi.public,s3.us-east-1",10,0,Laboratory,not applicable,not applicable,SRX6937667,USA,North America,USA,Control,Swiss Webster,Mus musculus,Lower Small Intestine Mucosa,Illumina MiSeq,not applicable,SA21949,PAIRED,PCR,METAGENOMIC,2,metagenome,ILLUMINA,2019-10-03T00:00:00Z,not applicable,2019-10-02T13:56:00Z,1,M5P_LSI-S,SRP223986
SRR10218088,AMPLICON,602,108464748,PRJNA575097,SAMN12877709,"MIMS.me,MIGS/MIMS/MIMARKS.host-associated",77521465,4,CALIFORNIA INSTITUTE OF TECHNOLOGY,2019-01-23,public,"fastq,run.zq,sra","gs,ncbi,s3","gs.us-east1,ncbi.public,s3.us-east-1",10,0,Laboratory,not applicable,not applicable,SRX6937666,USA,North America,USA,Control,Swiss Webster,Mus musculus,Lower Small Intestine Mucosa,Illumina MiSeq,not applicable,SA21948,PAIRED,PCR,METAGENOMIC,1,metagenome,ILLUMINA,2019-10-03T00:00:00Z,not applicable,2019-10-02T13:55:00Z,1,M4NP_LSI-S,SRP223986
SRR10218089,AMPLICON,602,36261470,PRJNA575097,SAMN12877708,"MIMS.me,MIGS/MIMS/MIMARKS.host-associated",25792827,3,CALIFORNIA INSTITUTE OF TECHNOLOGY,2019-01-23,public,"fastq,run.zq,sra","gs,ncbi,s3","gs.us-east1,ncbi.public,s3.us-east-1",10,0,Laboratory,not applicable,not applicable,SRX6937665,USA,North America,USA,Ketogenic,Swiss Webster,Mus musculus,Lower Small Intestine Mucosa,Illumina MiSeq,not applicable,SA21947,PAIRED,PCR,METAGENOMIC,2,metagenome,ILLUMINA,2019-10-03T00:00:00Z,not applicable,2019-10-02T13:55:00Z,1,M3P_LSI-S,SRP223986
SRR10218090,AMPLICON,602,62571278,PRJNA575097,SAMN12877707,"MIGS/MIMS/MIMARKS.host-associated,MIMS.me",45112531,2,CALIFORNIA INSTITUTE OF TECHNOLOGY,2019-01-23,public,"fastq,run.zq,sra","gs,ncbi,s3","gs.us-east1,ncbi.public,s3.us-east-1",10,0,Laboratory,not applicable,not applicable,SRX6937664,USA,North America,USA,Ketogenic,Swiss Webster,Mus musculus,Lower Small Intestine Mucosa,Illumina MiSeq,not applicable,SA21946,PAIRED,PCR,METAGENOMIC,2,metagenome,ILLUMINA,2019-10-03T00:00:00Z,not applicable,2019-10-02T13:55:00Z,1,M2P_LSI-S,SRP223986
SRR10218091,AMPLICON,602,149448306,PRJNA575097,SAMN12877706,"MIMS.me,MIGS/MIMS/MIMARKS.host-associated",107404507,3,CALIFORNIA INSTITUTE OF TECHNOLOGY,2019-01-23,public,"fastq,run.zq,sra","gs,ncbi,s3","gs.us-east1,ncbi.public,s3.us-east-1",10,0,Laboratory,not applicable,not applicable,SRX6937663,USA,North America,USA,Ketogenic,Swiss Webster,Mus musculus,Large Intestine Mucosa,Illumina MiSeq,not applicable,SA21945,PAIRED,PCR,METAGENOMIC,2,metagenome,ILLUMINA,2019-10-03T00:00:00Z,not applicable,2019-10-02T13:55:00Z,1,M3P_LI-S,SRP223986
SRR10218092,AMPLICON,602,81032210,PRJNA575097,SAMN12877705,"MIMS.me,MIGS/MIMS/MIMARKS.host-associated",57985391,1,CALIFORNIA INSTITUTE OF TECHNOLOGY,2019-01-23,public,"fastq,run.zq,sra","gs,ncbi,s3","gs.us-east1,ncbi.public,s3.us-east-1",10,0,Laboratory,not applicable,not applicable,SRX6937662,USA,North America,USA,Ketogenic,Swiss Webster,Mus musculus,Lower Small Intestine Mucosa,Illumina MiSeq,not applicable,SA21943,PAIRED,PCR,METAGENOMIC,2,metagenome,ILLUMINA,2019-10-03T00:00:00Z,not applicable,2019-10-02T13:55:00Z,1,M1P_LSI-S,SRP223986
SRR10218093,AMPLICON,602,23076466,PRJNA575097,SAMN12877606,"MIMS.me,MIGS/MIMS/MIMARKS.host-associated",14765835,not applicable,CALIFORNIA INSTITUTE OF TECHNOLOGY,2019-01-23,public,"fastq,run.zq,sra","gs,ncbi,s3","gs.us-east1,ncbi.public,s3.us-east-1",not applicable,0,Laboratory,not applicable,not applicable,SRX6937661,USA,North America,USA,Chow,Swiss Webster,Mus musculus,Cecum Contents,Illumina MiSeq,not applicable,SA19259,PAIRED,PCR,METAGENOMIC,not applicable,metagenome,ILLUMINA,2019-10-03T00:00:00Z,1,2019-10-02T13:55:00Z,1,CC_SW_Chow_1,SRP223986
SRR10218094,AMPLICON,602,93376822,PRJNA575097,SAMN12877704,"MIMS.me,MIGS/MIMS/MIMARKS.host-associated",66869609,6,CALIFORNIA INSTITUTE OF TECHNOLOGY,2019-01-23,public,"fastq,run.zq,sra","gs,ncbi,s3","gs.us-east1,ncbi.public,s3.us-east-1",10,0,Laboratory,not applicable,not applicable,SRX6937660,USA,North America,USA,Control,Swiss Webster,Mus musculus,Large Intestine Mucosa,Illumina MiSeq,not applicable,SA21941,PAIRED,PCR,METAGENOMIC,1,metagenome,ILLUMINA,2019-10-03T00:00:00Z,not applicable,2019-10-02T13:55:00Z,1,M6NP_LI-S,SRP223986
SRR10218095,AMPLICON,602,100597210,PRJNA575097,SAMN12877703,"MIMS.me,MIGS/MIMS/MIMARKS.host-associated",70973504,6,CALIFORNIA INSTITUTE OF TECHNOLOGY,2019-01-23,public,"fastq,run.zq,sra","gs,ncbi,s3","gs.us-east1,ncbi.public,s3.us-east-1",10,0,Laboratory,not applicable,not applicable,SRX6937659,USA,North America,USA,Control,Swiss Webster,Mus musculus,Lower Small Intestine Mucosa,Illumina MiSeq,not applicable,SA21940,PAIRED,PCR,METAGENOMIC,1,metagenome,ILLUMINA,2019-10-03T00:00:00Z,not applicable,2019-10-02T13:55:00Z,1,M6NP_LSI-S,SRP223986
SRR10218096,AMPLICON,602,74149544,PRJNA575097,SAMN12877702,"MIMS.me,MIGS/MIMS/MIMARKS.host-associated",52542554,6,CALIFORNIA INSTITUTE OF TECHNOLOGY,2019-01-23,public,"fastq,run.zq,sra","gs,ncbi,s3","gs.us-east1,ncbi.public,s3.us-east-1",10,0,Laboratory,not applicable,not applicable,SRX6937658,USA,North America,USA,Control,Swiss Webster,Mus musculus,Upper Small Intestine Mucosa,Illumina MiSeq,not applicable,SA21938,PAIRED,PCR,METAGENOMIC,1,metagenome,ILLUMINA,2019-10-03T00:00:00Z,not applicable,2019-10-02T13:55:00Z,1,M6NP_USI-S,SRP223986
SRR10218097,AMPLICON,602,71785490,PRJNA575097,SAMN12877701,"MIMS.me,MIGS/MIMS/MIMARKS.host-associated",51154669,6,CALIFORNIA INSTITUTE OF TECHNOLOGY,2019-01-23,public,"fastq,run.zq,sra","gs,ncbi,s3","gs.us-east1,ncbi.public,s3.us-east-1",10,0,Laboratory,not applicable,not applicable,SRX6937657,USA,North America,USA,Control,Swiss Webster,Mus musculus,Cecum Contents,Illumina MiSeq,not applicable,SA21937,PAIRED,PCR,METAGENOMIC,1,metagenome,ILLUMINA,2019-10-03T00:00:00Z,not applicable,2019-10-02T13:55:00Z,1,M6NP_CC,SRP223986
SRR10218098,AMPLICON,602,142938278,PRJNA575097,SAMN12877700,"MIMS.me,MIGS/MIMS/MIMARKS.host-associated",100514663,6,CALIFORNIA INSTITUTE OF TECHNOLOGY,2019-01-23,public,"fastq,run.zq,sra","gs,ncbi,s3","gs.us-east1,ncbi.public,s3.us-east-1",10,0,Laboratory,not applicable,not applicable,SRX6937656,USA,North America,USA,Control,Swiss Webster,Mus musculus,Lower Small Intestine Contents,Illumina MiSeq,not applicable,SA21936,PAIRED,PCR,METAGENOMIC,1,metagenome,ILLUMINA,2019-10-03T00:00:00Z,not applicable,2019-10-02T13:56:00Z,1,M6NP_LSI-C,SRP223986
SRR10218099,AMPLICON,602,71894452,PRJNA575097,SAMN12877699,"MIMS.me,MIGS/MIMS/MIMARKS.host-associated",50971477,6,CALIFORNIA INSTITUTE OF TECHNOLOGY,2019-01-23,public,"fastq,run.zq,sra","gs,ncbi,s3","gs.us-east1,ncbi.public,s3.us-east-1",10,0,Laboratory,not applicable,not applicable,SRX6937655,USA,North America,USA,Control,Swiss Webster,Mus musculus,Upper Small Intestine Contents,Illumina MiSeq,not applicable,SA21935,PAIRED,PCR,METAGENOMIC,1,metagenome,ILLUMINA,2019-10-03T00:00:00Z,not applicable,2019-10-02T13:56:00Z,1,M6NP_USI-C,SRP223986
SRR10218100,AMPLICON,602,59060414,PRJNA575097,SAMN12877698,"MIMS.me,MIGS/MIMS/MIMARKS.host-associated",42163589,6,CALIFORNIA INSTITUTE OF TECHNOLOGY,2019-01-23,public,"fastq,run.zq,sra","gs,ncbi,s3","gs.us-east1,ncbi.public,s3.us-east-1",10,0,Laboratory,not applicable,not applicable,SRX6937654,USA,North America,USA,Control,Swiss Webster,Mus musculus,Stomach Contents,Illumina MiSeq,not applicable,SA21934,PAIRED,PCR,METAGENOMIC,1,metagenome,ILLUMINA,2019-10-03T00:00:00Z,not applicable,2019-10-02T13:56:00Z,1,M6NP_SC,SRP223986
SRR10218101,AMPLICON,602,142499420,PRJNA575097,SAMN12877697,"MIMS.me,MIGS/MIMS/MIMARKS.host-associated",102399804,5,CALIFORNIA INSTITUTE OF TECHNOLOGY,2019-01-23,public,"fastq,run.zq,sra","gs,ncbi,s3","gs.us-east1,ncbi.public,s3.us-east-1",10,0,Laboratory,not applicable,not applicable,SRX6937653,USA,North America,USA,Control,Swiss Webster,Mus musculus,Large Intestine Mucosa,Illumina MiSeq,not applicable,SA21933,PAIRED,PCR,METAGENOMIC,1,metagenome,ILLUMINA,2019-10-03T00:00:00Z,not applicable,2019-10-02T13:56:00Z,1,M5NP_LI-S,SRP223986
SRR10218102,AMPLICON,602,144920664,PRJNA575097,SAMN12877696,"MIMS.me,MIGS/MIMS/MIMARKS.host-associated",103198170,5,CALIFORNIA INSTITUTE OF TECHNOLOGY,2019-01-23,public,"fastq,run.zq,sra","gs,ncbi,s3","gs.us-east1,ncbi.public,s3.us-east-1",10,0,Laboratory,not applicable,not applicable,SRX6937652,USA,North America,USA,Control,Swiss Webster,Mus musculus,Lower Small Intestine Mucosa,Illumina MiSeq,not applicable,SA21932,PAIRED,PCR,METAGENOMIC,1,metagenome,ILLUMINA,2019-10-03T00:00:00Z,not applicable,2019-10-02T13:56:00Z,1,M5NP_LSI-S,SRP223986
SRR10218103,AMPLICON,602,18322472,PRJNA575097,SAMN12877695,"MIMS.me,MIGS/MIMS/MIMARKS.host-associated",11515418,5,CALIFORNIA INSTITUTE OF TECHNOLOGY,2019-01-23,public,"fastq,run.zq,sra","gs,ncbi,s3","gs.us-east1,ncbi.public,s3.us-east-1",10,0,Laboratory,not applicable,not applicable,SRX6937651,USA,North America,USA,Control,Swiss Webster,Mus musculus,Upper Small Intestine Mucosa,Illumina MiSeq,not applicable,SA19274,PAIRED,PCR,METAGENOMIC,1,metagenome,ILLUMINA,2019-10-03T00:00:00Z,not applicable,2019-10-02T13:55:00Z,1,M5NP_USI-S,SRP223986
SRR10218104,AMPLICON,602,18598790,PRJNA575097,SAMN12877605,"MIMS.me,MIGS/MIMS/MIMARKS.host-associated",12636135,not applicable,CALIFORNIA INSTITUTE OF TECHNOLOGY,2019-01-23,public,"fastq,run.zq,sra","gs,ncbi,s3","gs.us-east1,ncbi.public,s3.us-east-1",not applicable,0,Laboratory,not applicable,not applicable,SRX6937650,USA,North America,USA,Autoclaved Chow,GF C57BL/6J,Mus musculus,Stool,Illumina MiSeq,not applicable,SA19258,PAIRED,PCR,METAGENOMIC,not applicable,metagenome,ILLUMINA,2019-10-03T00:00:00Z,not applicable,2019-10-02T13:55:00Z,1,GF_SI_Stool_Cntrl,SRP223986
SRR10218105,AMPLICON,602,32299106,PRJNA575097,SAMN12877596,"MIMS.me,MIGS/MIMS/MIMARKS.host-associated",20097695,not applicable,CALIFORNIA INSTITUTE OF TECHNOLOGY,2019-01-23,public,"fastq,run.zq,sra","gs,ncbi,s3","gs.us-east1,ncbi.public,s3.us-east-1",not applicable,1000,Laboratory,not applicable,not applicable,SRX6937649,USA,North America,USA,not applicable,not applicable,not applicable,not applicable,Illumina MiSeq,not applicable,SA19249,PAIRED,PCR,METAGENOMIC,not applicable,metagenome,ILLUMINA,2019-10-03T00:00:00Z,not applicable,2019-10-02T13:55:00Z,1,Buffer_1000X,SRP223986
SRR10218106,AMPLICON,602,24900526,PRJNA575097,SAMN12877595,"MIMS.me,MIGS/MIMS/MIMARKS.host-associated",15637637,not applicable,CALIFORNIA INSTITUTE OF TECHNOLOGY,2019-01-23,public,"fastq,run.zq,sra","gs,ncbi,s3","gs.us-east1,ncbi.public,s3.us-east-1",not applicable,10,Laboratory,not applicable,not applicable,SRX6937648,USA,North America,USA,not applicable,not applicable,not applicable,not applicable,Illumina MiSeq,not applicable,SA19248,PAIRED,PCR,METAGENOMIC,not applicable,metagenome,ILLUMINA,2019-10-03T00:00:00Z,not applicable,2019-10-02T13:56:00Z,1,Buffer_10X,SRP223986
